id;vrsta_oglasa;datum_objave;broj_pregleda
1;bandwidth infomediaries;2020-11-04T00:22:09;19966
2;alarm Maryland Kentucky;2020-11-04T05:10:28;83112
3;EXE Legacy withdrawal;2020-11-03T22:46:59;60120
4;Buckinghamshire Home;2020-11-04T01:45:28;90005
5;Applications;2020-11-03T19:45:04;40017
6;Burkina Faso Granite;2020-11-04T03:41:35;94418
7;Sharable Marketing Auto Loan Account;2020-11-03T11:19:23;15748
8;Ferry SMTP Profound;2020-11-03T10:28:21;28359
9;Supervisor Refined;2020-11-04T07:34:47;76569
10;Garden payment;2020-11-04T04:47:17;36068
